{
	"credit": "Made with Blockbench",
	"parent": "block/block",
	"ambientocclusion": false,
	"textures": {
		"bottom": "block/cactus_bottom",
		"top": "block/cactus_top",
		"particle": "block/cactus_side",
		"side": "block/cactus_side"
	},
	"elements": [
		{
			"from": [0, 0, 0],
			"to": [16, 16, 16],
			"faces": {
				"up": {"uv": [0, 0, 16, 16], "texture": "#top", "cullface": "up"},
				"down": {"uv": [0, 0, 16, 16], "texture": "#bottom", "cullface": "down"}
			}
		},
		{
			"from": [0, 0, 1],
			"to": [16, 16, 15],
			"faces": {
				"north": {"uv": [0, 0, 16, 16], "texture": "#side"},
				"south": {"uv": [0, 0, 16, 16], "texture": "#side"}
			}
		},
		{
			"from": [1, 0, 0],
			"to": [15, 16, 16],
			"faces": {
				"east": {"uv": [0, 0, 16, 16], "texture": "#side"},
				"west": {"uv": [0, 0, 16, 16], "texture": "#side"}
			}
		},
		{
			"from": [4, 4, -3],
			"to": [12, 11, 2],
			"faces": {
				"north": {"uv": [3, 6, 11, 13], "texture": "#side"},
				"east": {"uv": [4, 9, 9, 16], "texture": "#side"},
				"south": {"uv": [5, 9, 13, 16], "texture": "#side"},
				"west": {"uv": [5, 2, 10, 9], "texture": "#side"},
				"up": {"uv": [5, 1, 13, 6], "texture": "#top"},
				"down": {"uv": [5, 9, 13, 14], "texture": "#top"}
			}
		}
	]
}