{
	"credit": "Made with Blockbench",
	"parent": "block/block",
	"ambientocclusion": false,
	"textures": {
		"bottom": "block/cactus_bottom",
		"top": "block/cactus_top",
		"particle": "block/cactus_side",
		"side": "block/cactus_side"
	},
	"elements": [
		{
			"from": [0, 0, 0],
			"to": [16, 16, 16],
			"faces": {
				"up": {"uv": [0, 0, 16, 16], "texture": "#top", "cullface": "up"},
				"down": {"uv": [0, 0, 16, 16], "texture": "#bottom", "cullface": "down"}
			}
		},
		{
			"from": [0, 0, 1],
			"to": [16, 16, 15],
			"faces": {
				"north": {"uv": [0, 0, 16, 16], "texture": "#side"},
				"south": {"uv": [0, 0, 16, 16], "texture": "#side"}
			}
		},
		{
			"from": [1, 0, 0],
			"to": [15, 16, 16],
			"faces": {
				"east": {"uv": [0, 0, 16, 16], "texture": "#side"},
				"west": {"uv": [0, 0, 16, 16], "texture": "#side"}
			}
		},
		{
			"from": [-2, 1, -2],
			"to": [4, 8, 4],
			"faces": {
				"north": {"uv": [5, 1, 11, 7], "texture": "#side"},
				"east": {"uv": [5, 3, 11, 9], "texture": "#side"},
				"south": {"uv": [5, 8, 11, 14], "texture": "#side"},
				"west": {"uv": [5, 1, 11, 7], "texture": "#side"},
				"up": {"uv": [10, 10, 15, 15], "texture": "#top"},
				"down": {"uv": [1, 10, 6, 15], "texture": "#top"}
			}
		},
		{
			"from": [10, 8, 10],
			"to": [17, 15, 17],
			"faces": {
				"north": {"uv": [5, 1, 11, 7], "texture": "#side"},
				"east": {"uv": [5, 3, 11, 9], "texture": "#side"},
				"south": {"uv": [5, 8, 11, 14], "texture": "#side"},
				"west": {"uv": [5, 1, 11, 7], "texture": "#side"},
				"up": {"uv": [10, 10, 15, 15], "texture": "#top"},
				"down": {"uv": [1, 10, 6, 15], "texture": "#top"}
			}
		}
	]
}