{
	"credit": "Made with Blockbench",
	"parent": "block/block",
	"ambientocclusion": false,
	"textures": {
		"bottom": "block/cactus_bottom",
		"top": "block/cactus_top",
		"particle": "block/cactus_side",
		"side": "block/cactus_side"
	},
	"elements": [
		{
			"from": [0, 0, 0],
			"to": [16, 16, 16],
			"faces": {
				"up": {"uv": [0, 0, 16, 16], "texture": "#top", "cullface": "up"},
				"down": {"uv": [0, 0, 16, 16], "texture": "#bottom", "cullface": "down"}
			}
		},
		{
			"from": [0, 0, 1],
			"to": [16, 16, 15],
			"faces": {
				"north": {"uv": [0, 0, 16, 16], "texture": "#side"},
				"south": {"uv": [0, 0, 16, 16], "texture": "#side"}
			}
		},
		{
			"from": [1, 0, 0],
			"to": [15, 16, 16],
			"faces": {
				"east": {"uv": [0, 0, 16, 16], "texture": "#side"},
				"west": {"uv": [0, 0, 16, 16], "texture": "#side"}
			}
		},
		{
			"from": [9, 1.5, 12],
			"to": [17, 8.5, 17],
			"faces": {
				"north": {"uv": [5, 5, 13, 12], "texture": "#side"},
				"east": {"uv": [6, 3, 11, 10], "texture": "#side"},
				"south": {"uv": [2, 4, 10, 11], "texture": "#side"},
				"west": {"uv": [8, 5, 13, 12], "texture": "#side"},
				"up": {"uv": [7, 10, 15, 15], "texture": "#top"},
				"down": {"uv": [3, 4, 11, 9], "texture": "#top"}
			}
		}
	]
}