{
	"credit": "Made with Blockbench",
	"parent": "block/block",
	"ambientocclusion": false,
	"textures": {
		"bottom": "block/cactus_bottom",
		"top": "block/cactus_top",
		"particle": "block/cactus_side",
		"side": "block/cactus_side"
	},
	"elements": [
		{
			"from": [0, 0, 0],
			"to": [16, 16, 16],
			"faces": {
				"up": {"uv": [0, 0, 16, 16], "texture": "#top", "cullface": "up"},
				"down": {"uv": [0, 0, 16, 16], "texture": "#bottom", "cullface": "down"}
			}
		},
		{
			"from": [0, 0, 1],
			"to": [16, 16, 15],
			"faces": {
				"north": {"uv": [0, 0, 16, 16], "texture": "#side"},
				"south": {"uv": [0, 0, 16, 16], "texture": "#side"}
			}
		},
		{
			"from": [1, 0, 0],
			"to": [15, 16, 16],
			"faces": {
				"east": {"uv": [0, 0, 16, 16], "texture": "#side"},
				"west": {"uv": [0, 0, 16, 16], "texture": "#side"}
			}
		},
		{
			"from": [0, 2.5, 0],
			"to": [7, 5.5, 6],
			"faces": {
				"north": {"uv": [4, 2, 11, 5], "texture": "#side"},
				"east": {"uv": [4, 1, 10, 4], "texture": "#side"},
				"south": {"uv": [5, 5, 12, 8], "texture": "#side"},
				"west": {"uv": [1, 6, 7, 9], "texture": "#side"},
				"up": {"uv": [5, 3, 12, 9], "texture": "#top"},
				"down": {"uv": [3, 3, 10, 9], "texture": "#top"}
			}
		},
		{
			"from": [-1, 5.5, -1],
			"to": [7, 12.5, 6],
			"faces": {
				"north": {"uv": [4, 3, 12, 10], "texture": "#side"},
				"east": {"uv": [4, 1, 11, 8], "texture": "#side"},
				"south": {"uv": [5, 2, 13, 9], "texture": "#side"},
				"west": {"uv": [4, 5, 11, 12], "texture": "#side"},
				"up": {"uv": [4, 1, 12, 8], "texture": "#top"},
				"down": {"uv": [2, 1, 10, 8], "texture": "#top"}
			}
		}
	]
}