{
	"credit": "Made by SolsticeDoodles",
	"textures": {
		"3": "block/cake_inner",
		"bottom": "block/cake_bottom",
		"top": "block/cake_top",
		"particle": "block/cake_side",
		"cake_side": "block/cake_side"
	},
	"elements": [
		{
			"from": [5, 0, 1],
			"to": [15, 8, 15],
			"faces": {
				"north": {"uv": [1, 8, 11, 16], "texture": "#cake_side"},
				"east": {"uv": [1, 8, 15, 16], "texture": "#cake_side"},
				"south": {"uv": [5, 8, 15, 16], "texture": "#cake_side"},
				"west": {"uv": [1, 8, 15, 16], "texture": "#3"},
				"up": {"uv": [1, 1, 15, 15], "texture": "#top"},
				"down": {"uv": [5, 1, 15, 15], "texture": "#bottom", "cullface": "down"}
			}
		},
		{
			"name": "f_east",
			"from": [14.5, 5, 1],
			"to": [15.5, 8, 15],
			"faces": {
				"north": {"uv": [1, 8, 2, 11], "texture": "#cake_side"},
				"east": {"uv": [1, 8, 15, 11], "texture": "#cake_side"},
				"south": {"uv": [1, 8, 2, 11], "texture": "#cake_side"},
				"up": {"uv": [1, 1, 2, 15], "texture": "#top"},
				"down": {"uv": [1, 10, 15, 11], "rotation": 90, "texture": "#cake_side", "cullface": "down"}
			}
		},
		{
			"name": "f_east_1",
			"from": [14.5, 4, 1],
			"to": [15.5, 5, 3],
			"faces": {
				"north": {"uv": [14, 11, 15, 12], "texture": "#cake_side"},
				"east": {"uv": [13, 11, 15, 12], "texture": "#cake_side"},
				"south": {"uv": [13, 11, 14, 12], "texture": "#cake_side"},
				"down": {"uv": [1, 11, 3, 12], "rotation": 90, "texture": "#cake_side", "cullface": "down"}
			}
		},
		{
			"name": "f_east_2",
			"from": [14.5, 4, 13],
			"to": [15.5, 5, 15],
			"faces": {
				"north": {"uv": [2, 11, 3, 12], "texture": "#cake_side"},
				"east": {"uv": [1, 11, 3, 12], "texture": "#cake_side"},
				"south": {"uv": [1, 11, 2, 12], "texture": "#cake_side"},
				"down": {"uv": [1, 11, 3, 12], "rotation": 90, "texture": "#cake_side", "cullface": "down"}
			}
		},
		{
			"name": "f_east_3",
			"from": [14.5, 4, 9],
			"to": [15.5, 5, 11],
			"faces": {
				"north": {"uv": [6, 11, 7, 12], "texture": "#cake_side"},
				"east": {"uv": [5, 11, 7, 12], "texture": "#cake_side"},
				"south": {"uv": [5, 11, 6, 12], "texture": "#cake_side"},
				"down": {"uv": [1, 11, 3, 12], "rotation": 90, "texture": "#cake_side", "cullface": "down"}
			}
		},
		{
			"name": "f_east_4",
			"from": [14.5, 4, 5],
			"to": [15.5, 5, 7],
			"faces": {
				"north": {"uv": [10, 11, 11, 12], "texture": "#cake_side"},
				"east": {"uv": [9, 11, 11, 12], "texture": "#cake_side"},
				"south": {"uv": [9, 11, 10, 12], "texture": "#cake_side"},
				"down": {"uv": [1, 11, 3, 12], "rotation": 90, "texture": "#cake_side", "cullface": "down"}
			}
		},
		{
			"name": "f_north",
			"from": [4.5, 5, 0.5],
			"to": [15, 8, 1.5],
			"faces": {
				"north": {"uv": [1, 8, 11.5, 11], "texture": "#cake_side"},
				"east": {"uv": [1, 8, 2, 11], "texture": "#cake_side"},
				"south": {"uv": [1, 8, 2, 11], "texture": "#cake_side"},
				"west": {"uv": [2, 8, 3, 11], "texture": "#cake_side"},
				"up": {"uv": [1, 4.5, 2, 15], "rotation": 270, "texture": "#top"},
				"down": {"uv": [1, 10, 15, 11], "texture": "#cake_side", "cullface": "down"}
			}
		},
		{
			"name": "f_north_1",
			"from": [5, 4, 0.5],
			"to": [7, 5, 1],
			"faces": {
				"north": {"uv": [9, 11, 11, 12], "texture": "#cake_side"},
				"east": {"uv": [9, 11, 10, 12], "texture": "#cake_side"},
				"west": {"uv": [10, 11, 11, 12], "texture": "#cake_side"},
				"down": {"uv": [1, 11, 3, 12], "rotation": 180, "texture": "#cake_side", "cullface": "down"}
			}
		},
		{
			"name": "f_north_2",
			"from": [9, 4, 0.5],
			"to": [11, 5, 1.5],
			"faces": {
				"north": {"uv": [5, 11, 7, 12], "texture": "#cake_side"},
				"east": {"uv": [5, 11, 6, 12], "texture": "#cake_side"},
				"west": {"uv": [6, 11, 7, 12], "texture": "#cake_side"},
				"down": {"uv": [1, 11, 3, 12], "rotation": 180, "texture": "#cake_side", "cullface": "down"}
			}
		},
		{
			"name": "f_north_3",
			"from": [13, 4, 0.5],
			"to": [15, 5, 1.5],
			"faces": {
				"north": {"uv": [1, 11, 3, 12], "texture": "#cake_side"},
				"east": {"uv": [1, 11, 2, 12], "texture": "#cake_side"},
				"west": {"uv": [2, 11, 3, 12], "texture": "#cake_side"},
				"down": {"uv": [1, 11, 3, 12], "rotation": 180, "texture": "#cake_side", "cullface": "down"}
			}
		},
		{
			"name": "f_south",
			"from": [4.5, 5, 14.5],
			"to": [15, 8, 15.5],
			"faces": {
				"north": {"uv": [1, 8, 2, 11], "texture": "#cake_side"},
				"east": {"uv": [1, 8, 2, 11], "texture": "#cake_side"},
				"south": {"uv": [4.5, 8, 15, 11], "texture": "#cake_side"},
				"west": {"uv": [2, 8, 3, 11], "texture": "#cake_side"},
				"up": {"uv": [1, 4.5, 2, 15], "rotation": 270, "texture": "#top"},
				"down": {"uv": [1, 10, 15, 11], "texture": "#cake_side", "cullface": "down"}
			}
		},
		{
			"name": "f_south_2",
			"from": [5, 4, 15],
			"to": [7, 5, 15.5],
			"faces": {
				"east": {"uv": [6, 11, 7, 12], "texture": "#cake_side"},
				"south": {"uv": [5, 11, 7, 12], "texture": "#cake_side"},
				"west": {"uv": [5, 11, 6, 12], "texture": "#cake_side"},
				"down": {"uv": [1, 11, 3, 12], "texture": "#cake_side", "cullface": "down"}
			}
		},
		{
			"name": "f_south_3",
			"from": [9, 4, 14.5],
			"to": [11, 5, 15.5],
			"faces": {
				"east": {"uv": [10, 11, 11, 12], "texture": "#cake_side"},
				"south": {"uv": [9, 11, 11, 12], "texture": "#cake_side"},
				"west": {"uv": [9, 11, 10, 12], "texture": "#cake_side"},
				"down": {"uv": [1, 11, 3, 12], "texture": "#cake_side", "cullface": "down"}
			}
		},
		{
			"name": "f_south_4",
			"from": [13, 4, 14.5],
			"to": [15, 5, 15.5],
			"faces": {
				"east": {"uv": [14, 11, 15, 12], "texture": "#cake_side"},
				"south": {"uv": [13, 11, 15, 12], "texture": "#cake_side"},
				"west": {"uv": [13, 11, 14, 12], "texture": "#cake_side"},
				"down": {"uv": [1, 11, 3, 12], "texture": "#cake_side", "cullface": "down"}
			}
		},
		{
			"name": "f_top",
			"from": [4.5, 7.5, 1],
			"to": [15, 8.5, 15],
			"faces": {
				"north": {"uv": [1, 8, 11.5, 9], "texture": "#cake_side"},
				"east": {"uv": [1, 8, 15, 9], "texture": "#cake_side"},
				"south": {"uv": [4.5, 8, 15, 9], "texture": "#cake_side"},
				"west": {"uv": [4, 15, 5, 1], "rotation": 90, "texture": "#top"},
				"up": {"uv": [4.5, 1, 15, 15], "texture": "#top"},
				"down": {"uv": [4.5, 15, 15, 1], "texture": "#top"}
			}
		},
		{
			"name": "ch_sm_5",
			"from": [11, 8, 2],
			"to": [12, 9, 3],
			"faces": {
				"north": {"uv": [11, 2, 12, 3], "texture": "#top"},
				"east": {"uv": [11, 2, 12, 3], "texture": "#top"},
				"south": {"uv": [11, 2, 12, 3], "texture": "#top"},
				"west": {"uv": [11, 2, 12, 3], "texture": "#top"},
				"up": {"uv": [11, 2, 12, 3], "texture": "#top"}
			}
		},
		{
			"name": "ch_sm_2",
			"from": [10, 8, 12],
			"to": [11, 9, 13],
			"faces": {
				"north": {"uv": [10, 12, 11, 13], "texture": "#top"},
				"east": {"uv": [10, 12, 11, 13], "texture": "#top"},
				"south": {"uv": [10, 12, 11, 13], "texture": "#top"},
				"west": {"uv": [10, 12, 11, 13], "texture": "#top"},
				"up": {"uv": [10, 12, 11, 13], "texture": "#top"}
			}
		},
		{
			"name": "ch_sm_3",
			"from": [13, 8, 9],
			"to": [14, 9, 10],
			"faces": {
				"north": {"uv": [13, 9, 14, 10], "texture": "#top"},
				"east": {"uv": [13, 9, 14, 10], "texture": "#top"},
				"south": {"uv": [13, 9, 14, 10], "texture": "#top"},
				"west": {"uv": [13, 9, 14, 10], "texture": "#top"},
				"up": {"uv": [13, 9, 14, 10], "texture": "#top"}
			}
		},
		{
			"name": "ch_sm_4",
			"from": [11, 8, 5],
			"to": [12, 9, 6],
			"faces": {
				"north": {"uv": [11, 5, 12, 6], "texture": "#top"},
				"east": {"uv": [11, 5, 12, 6], "texture": "#top"},
				"south": {"uv": [11, 5, 12, 6], "texture": "#top"},
				"west": {"uv": [11, 5, 12, 6], "texture": "#top"},
				"up": {"uv": [11, 5, 12, 6], "texture": "#top"}
			}
		},
		{
			"name": "ch_b_south",
			"from": [7, 8, 8.5],
			"to": [9, 10, 9.5],
			"faces": {
				"east": {"uv": [9, 7, 10, 9], "texture": "#top"},
				"south": {"uv": [8, 7, 10, 9], "texture": "#top"},
				"west": {"uv": [8, 7, 9, 9], "texture": "#top"},
				"up": {"uv": [7, 8, 9, 9], "texture": "#top"}
			}
		},
		{
			"name": "ch_b_west",
			"from": [6.5, 8, 7],
			"to": [7.5, 10, 9],
			"faces": {
				"north": {"uv": [7, 7, 8, 9], "texture": "#top"},
				"south": {"uv": [8, 7, 9, 9], "texture": "#top"},
				"west": {"uv": [7, 7, 9, 9], "texture": "#top"},
				"up": {"uv": [7, 7, 9, 8], "rotation": 90, "texture": "#top"}
			}
		},
		{
			"name": "ch_b_north",
			"from": [7, 8, 6.5],
			"to": [9, 10, 7.5],
			"faces": {
				"north": {"uv": [7, 7, 9, 9], "rotation": 90, "texture": "#top"},
				"east": {"uv": [8, 7, 9, 9], "texture": "#top"},
				"west": {"uv": [7, 7, 8, 9], "texture": "#top"},
				"up": {"uv": [7, 7, 9, 8], "texture": "#top"}
			}
		},
		{
			"name": "ch_b_east",
			"from": [8.5, 8, 7],
			"to": [9.5, 10, 9],
			"faces": {
				"north": {"uv": [8, 7, 9, 9], "texture": "#top"},
				"east": {"uv": [8, 7, 10, 9], "rotation": 90, "texture": "#top"},
				"south": {"uv": [9, 7, 10, 9], "texture": "#top"},
				"up": {"uv": [7, 8, 9, 9], "rotation": 90, "texture": "#top"}
			}
		},
		{
			"name": "ch_b_top",
			"from": [7, 9.5, 7],
			"to": [9, 10.5, 9],
			"faces": {
				"north": {"uv": [7, 7, 9, 9], "rotation": 90, "texture": "#top"},
				"east": {"uv": [8, 7, 10, 9], "rotation": 90, "texture": "#top"},
				"south": {"uv": [8, 7, 10, 9], "texture": "#top"},
				"west": {"uv": [7, 7, 9, 9], "texture": "#top"},
				"up": {"uv": [7, 7, 9, 9], "texture": "#top"},
				"down": {"uv": [8, 7, 10, 9], "rotation": 270, "texture": "#top"}
			}
		},
		{
			"name": "ch_b_stem_top",
			"from": [13.75, 2.5, 8],
			"to": [15.75, 3.5, 8],
			"rotation": {"angle": 45, "axis": "z", "origin": [0, 0, 0]},
			"faces": {
				"north": {"uv": [10, 11, 12, 12], "texture": "#bottom"},
				"east": {"uv": [0, 0, 0, 2], "texture": "#missing"},
				"south": {"uv": [10, 11, 12, 12], "texture": "#bottom"},
				"west": {"uv": [0, 0, 0, 2], "texture": "#missing"},
				"up": {"uv": [0, 0, 3, 0], "texture": "#missing"},
				"down": {"uv": [0, 0, 3, 0], "texture": "#missing"}
			}
		},
		{
			"name": "ch_b_stem_bottom",
			"from": [12.75, 1.5, 8],
			"to": [13.75, 2.5, 8],
			"rotation": {"angle": 45, "axis": "z", "origin": [0, 0, 0]},
			"faces": {
				"north": {"uv": [9, 11, 10, 12], "texture": "#bottom"},
				"east": {"uv": [0, 0, 0, 2], "texture": "#missing"},
				"south": {"uv": [9, 11, 10, 12], "texture": "#bottom"},
				"west": {"uv": [0, 0, 0, 2], "texture": "#missing"},
				"up": {"uv": [0, 0, 3, 0], "texture": "#missing"},
				"down": {"uv": [0, 0, 3, 0], "texture": "#missing"}
			}
		},
		{
			"name": "ch_m_back",
			"from": [7, 5.5, 3],
			"to": [9, 6.5, 5],
			"rotation": {"angle": 22.5, "axis": "z", "origin": [0, 0, 0]},
			"faces": {
				"north": {"uv": [4, 3, 6, 4], "rotation": 180, "texture": "#top"},
				"east": {"uv": [4, 4, 6, 5], "rotation": 180, "texture": "#top"},
				"south": {"uv": [4, 4, 6, 5], "texture": "#top"},
				"west": {"uv": [4, 3, 6, 4], "texture": "#top"},
				"up": {"uv": [4, 3, 6, 5], "texture": "#top"},
				"down": {"uv": [4, 3, 6, 5], "rotation": 270, "texture": "#top"}
			}
		}
	],
	"groups": [0,
		{
			"name": "frosting",
			"origin": [0, 0, 0],
			"color": 0,
			"children": [1, 2, 3, 4, 5, 6, 7, 8, 9, 10, 11, 12, 13, 14]
		},
		{
			"name": "cherries",
			"origin": [0, 0, 0],
			"color": 0,
			"children": [15, 16, 17, 18, 19, 20, 21, 22, 23, 24, 25, 26]
		}
	]
}