{
	"credit": "Made with Blockbench",
	"texture_size": [128, 128],
	"textures": {
		"0": "block/dead_bush5",
		"particle": "block/dead_bush5"
	},
	"elements": [
		{
			"from": [6, 0, 6],
			"to": [9, 11, 9],
			"faces": {
				"north": {"uv": [0.375, 0.375, 0.75, 1.75], "texture": "#0"},
				"east": {"uv": [0, 0.375, 0.375, 1.75], "texture": "#0"},
				"south": {"uv": [1.125, 0.375, 1.5, 1.75], "texture": "#0"},
				"west": {"uv": [0.75, 0.375, 1.125, 1.75], "texture": "#0"},
				"up": {"uv": [0.75, 0.375, 0.375, 0], "texture": "#0"},
				"down": {"uv": [1.125, 0, 0.75, 0.375], "texture": "#0"}
			}
		},
		{
			"from": [6.5, 11, 6.5],
			"to": [8.5, 26, 8.5],
			"faces": {
				"north": {"uv": [1.875, 0.25, 2.125, 2.125], "texture": "#0"},
				"east": {"uv": [1.625, 0.25, 1.875, 2.125], "texture": "#0"},
				"south": {"uv": [2.375, 0.25, 2.625, 2.125], "texture": "#0"},
				"west": {"uv": [2.125, 0.25, 2.375, 2.125], "texture": "#0"},
				"up": {"uv": [2.125, 0.25, 1.875, 0], "texture": "#0"},
				"down": {"uv": [2.375, 0, 2.125, 0.25], "texture": "#0"}
			}
		},
		{
			"from": [-3.5, 4, 7.5],
			"to": [18.5, 26, 7.5],
			"faces": {
				"north": {"uv": [0, 5.625, 2.75, 8.375], "texture": "#0"},
				"east": {"uv": [0, 5.625, 0, 8.375], "texture": "#0"},
				"south": {"uv": [2.75, 5.625, 5.5, 8.375], "texture": "#0"},
				"west": {"uv": [2.75, 5.625, 2.75, 8.375], "texture": "#0"},
				"up": {"uv": [2.75, 5.625, 0, 5.625], "texture": "#0"},
				"down": {"uv": [5.5, 5.625, 2.75, 5.625], "texture": "#0"}
			}
		},
		{
			"from": [7.75, 4, -3.5],
			"to": [7.75, 26, 18.5],
			"faces": {
				"north": {"uv": [2.75, 2.75, 2.75, 5.5], "texture": "#0"},
				"east": {"uv": [0, 2.75, 2.75, 5.5], "texture": "#0"},
				"south": {"uv": [5.5, 2.75, 5.5, 5.5], "texture": "#0"},
				"west": {"uv": [2.75, 2.75, 5.5, 5.5], "texture": "#0"},
				"up": {"uv": [2.75, 2.75, 2.75, 0], "texture": "#0"},
				"down": {"uv": [2.75, 0, 2.75, 2.75], "texture": "#0"}
			}
		}
	]
}