{
	"credit": "Made by SolsticeDoodles",
	"textures": {
		"0": "item/cookie",
		"particle": "item/cookie"
	},
	"elements": [
		{
			"from": [3, 0, 3],
			"to": [13, 1, 13],
			"rotation": {"angle": 0, "axis": "y", "origin": [11, 0, 11]},
			"faces": {
				"north": {"uv": [3, 3, 13, 4], "texture": "#0"},
				"east": {"uv": [12, 3, 13, 13], "rotation": 90, "texture": "#0"},
				"south": {"uv": [3, 12, 13, 13], "texture": "#0"},
				"west": {"uv": [3, 3, 4, 13], "rotation": 90, "texture": "#0"},
				"up": {"uv": [3, 3, 13, 13], "texture": "#0"},
				"down": {"uv": [3, 13, 13, 3], "texture": "#0"}
			}
		},
		{
			"from": [2, 0, 5],
			"to": [3, 1, 11],
			"rotation": {"angle": 0, "axis": "y", "origin": [8, 0, 8]},
			"faces": {
				"north": {"uv": [2, 5, 3, 6], "texture": "#0"},
				"east": {"uv": [2, 5, 8, 6], "texture": "#0"},
				"south": {"uv": [2, 10, 3, 11], "texture": "#0"},
				"west": {"uv": [2, 5, 3, 11], "rotation": 90, "texture": "#0"},
				"up": {"uv": [2, 5, 3, 11], "texture": "#0"},
				"down": {"uv": [2, 5, 3, 11], "texture": "#0"}
			}
		},
		{
			"from": [5, 0, 2],
			"to": [11, 1, 3],
			"rotation": {"angle": 0, "axis": "y", "origin": [8, 0, 8]},
			"faces": {
				"north": {"uv": [5, 2, 11, 3], "texture": "#0"},
				"east": {"uv": [10, 2, 11, 3], "texture": "#0"},
				"south": {"uv": [5, 2, 11, 3], "texture": "#0"},
				"west": {"uv": [5, 2, 6, 3], "texture": "#0"},
				"up": {"uv": [5, 2, 11, 3], "texture": "#0"},
				"down": {"uv": [5, 2, 11, 3], "texture": "#0"}
			}
		},
		{
			"from": [13, 0, 5],
			"to": [14, 1, 11],
			"rotation": {"angle": 0, "axis": "y", "origin": [8, 0, 8]},
			"faces": {
				"north": {"uv": [2, 5, 3, 6], "texture": "#0"},
				"east": {"uv": [13, 5, 14, 11], "rotation": 90, "texture": "#0"},
				"south": {"uv": [13, 10, 14, 11], "texture": "#0"},
				"west": {"uv": [8, 5, 14, 6], "texture": "#0"},
				"up": {"uv": [13, 5, 14, 11], "texture": "#0"},
				"down": {"uv": [13, 5, 14, 11], "texture": "#0"}
			}
		},
		{
			"from": [5, 0, 13],
			"to": [11, 1, 14],
			"rotation": {"angle": 0, "axis": "y", "origin": [8, 0, 8]},
			"faces": {
				"north": {"uv": [5, 8, 11, 9], "texture": "#0"},
				"east": {"uv": [10, 13, 11, 14], "texture": "#0"},
				"south": {"uv": [5, 13, 11, 14], "texture": "#0"},
				"west": {"uv": [5, 13, 6, 14], "texture": "#0"},
				"up": {"uv": [5, 13, 11, 14], "texture": "#0"},
				"down": {"uv": [5, 13, 11, 14], "texture": "#0"}
			}
		},
		{
			"from": [3, 0.8, 6],
			"to": [4, 1.3, 7],
			"rotation": {"angle": 0, "axis": "y", "origin": [3, 0, 6]},
			"faces": {
				"north": {"uv": [3, 6, 4, 6.5], "rotation": 180, "texture": "#0"},
				"east": {"uv": [3, 6, 4, 6.5], "texture": "#0"},
				"south": {"uv": [3, 6, 4, 6.5], "texture": "#0"},
				"west": {"uv": [3, 6, 4, 6.5], "texture": "#0"},
				"up": {"uv": [3, 6, 4, 7], "texture": "#0"}
			}
		},
		{
			"from": [5, 0.8, 4],
			"to": [7, 1.3, 5],
			"rotation": {"angle": 0, "axis": "y", "origin": [5, 0, 4]},
			"faces": {
				"north": {"uv": [5, 4, 7, 4.5], "rotation": 180, "texture": "#0"},
				"east": {"uv": [5, 4, 5.5, 5], "rotation": 90, "texture": "#0"},
				"south": {"uv": [5, 4, 7, 4.5], "texture": "#0"},
				"west": {"uv": [5, 4, 5.5, 5], "rotation": 270, "texture": "#0"},
				"up": {"uv": [5, 4, 7, 5], "texture": "#0"}
			}
		},
		{
			"from": [11, 0.8, 5],
			"to": [12, 1.3, 6],
			"rotation": {"angle": 0, "axis": "y", "origin": [11, 0, 5]},
			"faces": {
				"north": {"uv": [11, 5, 12, 5.5], "rotation": 180, "texture": "#0"},
				"east": {"uv": [11, 5, 12, 5.5], "texture": "#0"},
				"south": {"uv": [11, 5, 12, 5.5], "texture": "#0"},
				"west": {"uv": [11, 5, 12, 5.5], "texture": "#0"},
				"up": {"uv": [11, 5, 12, 6], "texture": "#0"}
			}
		},
		{
			"from": [7, 0.8, 6],
			"to": [9, 1.3, 8],
			"rotation": {"angle": 0, "axis": "y", "origin": [8, 0, 6]},
			"faces": {
				"north": {"uv": [7, 6, 9, 6.5], "rotation": 180, "texture": "#0"},
				"east": {"uv": [8.5, 6, 9, 8], "rotation": 90, "texture": "#0"},
				"south": {"uv": [7, 7.5, 9, 8], "texture": "#0"},
				"west": {"uv": [7, 6, 7.5, 8], "rotation": 270, "texture": "#0"},
				"up": {"uv": [7, 6, 9, 8], "texture": "#0"}
			}
		},
		{
			"from": [5, 0.8, 8],
			"to": [6, 1.3, 10],
			"rotation": {"angle": 0, "axis": "y", "origin": [5, 0, 8]},
			"faces": {
				"north": {"uv": [5, 8, 6, 8.5], "rotation": 180, "texture": "#0"},
				"east": {"uv": [5, 8, 5.5, 10], "rotation": 90, "texture": "#0"},
				"south": {"uv": [5, 9, 6, 9.5], "texture": "#0"},
				"west": {"uv": [5, 8, 5.5, 10], "rotation": 270, "texture": "#0"},
				"up": {"uv": [5, 8, 6, 10], "texture": "#0"}
			}
		},
		{
			"from": [10, 0.8, 7],
			"to": [11, 1.3, 9],
			"rotation": {"angle": 0, "axis": "y", "origin": [10, 0, 7]},
			"faces": {
				"north": {"uv": [10, 7, 11, 7.5], "rotation": 180, "texture": "#0"},
				"east": {"uv": [10, 7, 10.5, 9], "rotation": 90, "texture": "#0"},
				"south": {"uv": [10, 8, 11, 8.5], "texture": "#0"},
				"west": {"uv": [10, 7, 10.5, 9], "rotation": 270, "texture": "#0"},
				"up": {"uv": [10, 7, 11, 9], "texture": "#0"}
			}
		},
		{
			"from": [12, 0.8, 9],
			"to": [13, 1.3, 10],
			"rotation": {"angle": 0, "axis": "y", "origin": [12, 0, 9]},
			"faces": {
				"north": {"uv": [12, 9, 13, 9.5], "rotation": 180, "texture": "#0"},
				"east": {"uv": [12, 9, 13, 9.5], "texture": "#0"},
				"south": {"uv": [12, 9, 13, 9.5], "texture": "#0"},
				"west": {"uv": [12, 9, 13, 9.5], "texture": "#0"},
				"up": {"uv": [12, 9, 13, 10], "texture": "#0"}
			}
		},
		{
			"from": [7, 0.8, 10],
			"to": [9, 1.3, 11],
			"rotation": {"angle": 0, "axis": "y", "origin": [8, 0, 10]},
			"faces": {
				"north": {"uv": [7, 10, 9, 10.5], "rotation": 180, "texture": "#0"},
				"east": {"uv": [7, 10, 7.5, 11], "rotation": 90, "texture": "#0"},
				"south": {"uv": [7, 10, 9, 10.5], "texture": "#0"},
				"west": {"uv": [7, 10, 7.5, 11], "rotation": 270, "texture": "#0"},
				"up": {"uv": [7, 10, 9, 11], "texture": "#0"}
			}
		},
		{
			"from": [4, 0.8, 11],
			"to": [5, 1.3, 12],
			"rotation": {"angle": 0, "axis": "y", "origin": [4, 0, 11]},
			"faces": {
				"north": {"uv": [4, 11, 5, 11.5], "rotation": 180, "texture": "#0"},
				"east": {"uv": [4, 11, 5, 11.5], "texture": "#0"},
				"south": {"uv": [4, 11, 5, 11.5], "texture": "#0"},
				"west": {"uv": [4, 11, 5, 11.5], "texture": "#0"},
				"up": {"uv": [4, 11, 5, 12], "texture": "#0"}
			}
		},
		{
			"from": [10, 0.8, 12],
			"to": [11, 1.3, 13],
			"rotation": {"angle": 0, "axis": "y", "origin": [10, 0, 12]},
			"faces": {
				"north": {"uv": [10, 12, 11, 12.5], "rotation": 180, "texture": "#0"},
				"east": {"uv": [10, 12, 11, 12.5], "texture": "#0"},
				"south": {"uv": [10, 12, 11, 12.5], "texture": "#0"},
				"west": {"uv": [10, 12, 11, 12.5], "texture": "#0"},
				"up": {"uv": [10, 12, 11, 13], "texture": "#0"}
			}
		},
		{
			"from": [3, -0.3, 6],
			"to": [4, 0.2, 7],
			"rotation": {"angle": 0, "axis": "y", "origin": [3, -1.5, 6]},
			"faces": {
				"north": {"uv": [3, 6, 4, 6.5], "rotation": 180, "texture": "#0"},
				"east": {"uv": [3, 6, 4, 6.5], "texture": "#0"},
				"south": {"uv": [3, 6, 4, 6.5], "texture": "#0"},
				"west": {"uv": [3, 6, 4, 6.5], "texture": "#0"},
				"down": {"uv": [11, 6, 12, 5], "texture": "#0"}
			}
		},
		{
			"from": [5, -0.3, 4],
			"to": [7, 0.2, 5],
			"rotation": {"angle": 0, "axis": "y", "origin": [5, -1.5, 4]},
			"faces": {
				"north": {"uv": [5, 4, 7, 4.5], "rotation": 180, "texture": "#0"},
				"east": {"uv": [5, 4, 5.5, 5], "rotation": 90, "texture": "#0"},
				"south": {"uv": [5, 4, 7, 4.5], "texture": "#0"},
				"west": {"uv": [5, 4, 5.5, 5], "rotation": 270, "texture": "#0"},
				"down": {"uv": [5, 5, 7, 4], "texture": "#0"}
			}
		},
		{
			"from": [11, -0.3, 5],
			"to": [12, 0.2, 6],
			"rotation": {"angle": 0, "axis": "y", "origin": [11, -1.5, 5]},
			"faces": {
				"north": {"uv": [11, 5, 12, 5.5], "rotation": 180, "texture": "#0"},
				"east": {"uv": [11, 5, 12, 5.5], "texture": "#0"},
				"south": {"uv": [11, 5, 12, 5.5], "texture": "#0"},
				"west": {"uv": [11, 5, 12, 5.5], "texture": "#0"},
				"down": {"uv": [3, 7, 4, 6], "texture": "#0"}
			}
		},
		{
			"from": [7, -0.3, 6],
			"to": [9, 0.2, 8],
			"rotation": {"angle": 0, "axis": "y", "origin": [8, -1.5, 6]},
			"faces": {
				"north": {"uv": [7, 6, 9, 6.5], "rotation": 180, "texture": "#0"},
				"east": {"uv": [8.5, 6, 9, 8], "rotation": 90, "texture": "#0"},
				"south": {"uv": [7, 7.5, 9, 8], "texture": "#0"},
				"west": {"uv": [7, 6, 7.5, 8], "rotation": 270, "texture": "#0"},
				"down": {"uv": [7, 8, 9, 6], "texture": "#0"}
			}
		},
		{
			"from": [5, -0.3, 8],
			"to": [6, 0.2, 10],
			"rotation": {"angle": 0, "axis": "y", "origin": [5, -1.5, 8]},
			"faces": {
				"north": {"uv": [5, 8, 6, 8.5], "rotation": 180, "texture": "#0"},
				"east": {"uv": [5, 8, 5.5, 10], "rotation": 90, "texture": "#0"},
				"south": {"uv": [5, 9, 6, 9.5], "texture": "#0"},
				"west": {"uv": [5, 8, 5.5, 10], "rotation": 270, "texture": "#0"},
				"down": {"uv": [10, 9, 11, 7], "texture": "#0"}
			}
		},
		{
			"from": [10, -0.3, 7],
			"to": [11, 0.2, 9],
			"rotation": {"angle": 0, "axis": "y", "origin": [10, -1.5, 7]},
			"faces": {
				"north": {"uv": [10, 7, 11, 7.5], "rotation": 180, "texture": "#0"},
				"east": {"uv": [10, 7, 10.5, 9], "rotation": 90, "texture": "#0"},
				"south": {"uv": [10, 8, 11, 8.5], "texture": "#0"},
				"west": {"uv": [10, 7, 10.5, 9], "rotation": 270, "texture": "#0"},
				"down": {"uv": [5, 10, 6, 8], "texture": "#0"}
			}
		},
		{
			"from": [12, -0.3, 9],
			"to": [13, 0.2, 10],
			"rotation": {"angle": 0, "axis": "y", "origin": [12, -1.5, 9]},
			"faces": {
				"north": {"uv": [12, 9, 13, 9.5], "rotation": 180, "texture": "#0"},
				"east": {"uv": [12, 9, 13, 9.5], "texture": "#0"},
				"south": {"uv": [12, 9, 13, 9.5], "texture": "#0"},
				"west": {"uv": [12, 9, 13, 9.5], "texture": "#0"},
				"down": {"uv": [4, 12, 5, 11], "texture": "#0"}
			}
		},
		{
			"from": [7, -0.3, 10],
			"to": [9, 0.2, 11],
			"rotation": {"angle": 0, "axis": "y", "origin": [8, -1.5, 10]},
			"faces": {
				"north": {"uv": [7, 10, 9, 10.5], "rotation": 180, "texture": "#0"},
				"east": {"uv": [7, 10, 7.5, 11], "rotation": 90, "texture": "#0"},
				"south": {"uv": [7, 10, 9, 10.5], "texture": "#0"},
				"west": {"uv": [7, 10, 7.5, 11], "rotation": 270, "texture": "#0"},
				"down": {"uv": [7, 11, 9, 10], "texture": "#0"}
			}
		},
		{
			"from": [4, -0.3, 11],
			"to": [5, 0.2, 12],
			"rotation": {"angle": 0, "axis": "y", "origin": [4, -1.5, 11]},
			"faces": {
				"north": {"uv": [4, 11, 5, 11.5], "rotation": 180, "texture": "#0"},
				"east": {"uv": [4, 11, 5, 11.5], "texture": "#0"},
				"south": {"uv": [4, 11, 5, 11.5], "texture": "#0"},
				"west": {"uv": [4, 11, 5, 11.5], "texture": "#0"},
				"down": {"uv": [10, 13, 11, 12], "texture": "#0"}
			}
		},
		{
			"from": [10, -0.3, 12],
			"to": [11, 0.2, 13],
			"rotation": {"angle": 0, "axis": "y", "origin": [10, -1.5, 12]},
			"faces": {
				"north": {"uv": [10, 12, 11, 12.5], "rotation": 180, "texture": "#0"},
				"east": {"uv": [10, 12, 11, 12.5], "texture": "#0"},
				"south": {"uv": [10, 12, 11, 12.5], "texture": "#0"},
				"west": {"uv": [10, 12, 11, 12.5], "texture": "#0"},
				"down": {"uv": [4, 12, 5, 11], "texture": "#0"}
			}
		}
	],
	"display": {
		"thirdperson_righthand": {
			"rotation": [90.5, 0, 3.5],
			"translation": [-0.25, 1, 2.5],
			"scale": [0.35, 0.35, 0.35]
		},
		"thirdperson_lefthand": {
			"rotation": [90.5, 0, 3.5],
			"translation": [-0.25, 1, 2.5],
			"scale": [0.35, 0.35, 0.35]
		},
		"firstperson_righthand": {
			"rotation": [-14, 0, 90],
			"translation": [1.13, 1.5, 1.13],
			"scale": [0.68, 0.68, 0.68]
		},
		"firstperson_lefthand": {
			"rotation": [-14, 0, 90],
			"translation": [1.13, 1.5, 1.13],
			"scale": [0.68, 0.68, 0.68]
		},
		"ground": {
			"translation": [0, 4.5, 0],
			"scale": [0.5, 0.5, 0.5]
		},
		"gui": {
			"rotation": [35, 45, 0],
			"translation": [0, 6, 0]
		},
		"fixed": {
			"rotation": [90, 0, 0],
			"translation": [0, 0, 7]
		}
	},
	"groups": [
		{
			"name": "cookie",
			"origin": [0, 0, 0],
			"color": 0,
			"children": [0, 1, 2, 3, 4]
		},
		{
			"name": "chocolate_top",
			"origin": [0, 0, 1],
			"color": 0,
			"children": [5, 6, 7, 8, 9, 10, 11, 12, 13, 14]
		},
		{
			"name": "chocolate_bottom",
			"origin": [0, -1.5, 1],
			"color": 0,
			"children": [15, 16, 17, 18, 19, 20, 21, 22, 23, 24]
		}
	]
}