{
	"credit": "Made by SolsticeDoodles",
	"textures": {
		"0": "item/bread",
		"particle": "item/bread_og"
	},
	"elements": [
		{
			"from": [5.5, 0, 2.5],
			"to": [10.5, 4, 4.75],
			"rotation": {"angle": 0, "axis": "y", "origin": [0, 0, -0.5]},
			"faces": {
				"north": {"uv": [2.5, 0, 6.5, 5], "rotation": 90, "texture": "#0"},
				"east": {"uv": [12, 0, 16, 2.25], "rotation": 90, "texture": "#0"},
				"south": {"uv": [1.5, 0, 5.5, 5], "rotation": 90, "texture": "#0"},
				"west": {"uv": [12, 8.75, 16, 11], "rotation": 90, "texture": "#0"},
				"up": {"uv": [8, 0, 13, 2.25], "texture": "#0"},
				"down": {"uv": [15, 0, 16, 1], "texture": "#0"}
			}
		},
		{
			"from": [5.5, 0, 4.75],
			"to": [6, 4, 5.25],
			"rotation": {"angle": 0, "axis": "y", "origin": [0, 0, -0.5]},
			"faces": {
				"east": {"uv": [1.5, 0, 5.5, 1], "rotation": 90, "texture": "#0"},
				"west": {"uv": [12, 8.25, 16, 8.75], "rotation": 90, "texture": "#0"},
				"up": {"uv": [12.25, 5, 12.75, 6], "texture": "#0"},
				"down": {"uv": [15, 0, 16, 1], "texture": "#0"}
			}
		},
		{
			"from": [10, 0, 4.75],
			"to": [10.5, 4, 5.25],
			"rotation": {"angle": 0, "axis": "y", "origin": [0, 0, -0.5]},
			"faces": {
				"east": {"uv": [12, 2.25, 16, 2.75], "rotation": 90, "texture": "#0"},
				"west": {"uv": [1.5, 0, 5.5, 1], "rotation": 90, "texture": "#0"},
				"up": {"uv": [12.25, 5, 12.75, 6], "texture": "#0"},
				"down": {"uv": [15, 0, 16, 1], "texture": "#0"}
			}
		},
		{
			"from": [6, 0, 4.75],
			"to": [10, 3.75, 5.25],
			"rotation": {"angle": 0, "axis": "y", "origin": [0, 0, -0.5]},
			"faces": {
				"up": {"uv": [0, 0.25, 0.5, 4.75], "rotation": 90, "texture": "#0"},
				"down": {"uv": [15, 0, 16, 1], "texture": "#0"}
			}
		},
		{
			"from": [5.5, 0, 5.25],
			"to": [10.5, 4, 7.75],
			"rotation": {"angle": 0, "axis": "y", "origin": [0, 0, -0.5]},
			"faces": {
				"north": {"uv": [1.5, 0, 5.5, 5], "rotation": 90, "texture": "#0"},
				"east": {"uv": [12, 2.75, 16, 5.25], "rotation": 90, "texture": "#0"},
				"south": {"uv": [1.5, 0, 5.5, 5], "rotation": 90, "texture": "#0"},
				"west": {"uv": [12, 5.75, 16, 8.25], "rotation": 90, "texture": "#0"},
				"up": {"uv": [8, 2.75, 13, 5.25], "texture": "#0"},
				"down": {"uv": [15, 0, 16, 1], "texture": "#0"}
			}
		},
		{
			"from": [10, 0, 7.75],
			"to": [10.5, 4, 8.25],
			"rotation": {"angle": 0, "axis": "y", "origin": [0, 0, -0.5]},
			"faces": {
				"east": {"uv": [12, 5, 16, 5.5], "rotation": 90, "texture": "#0"},
				"west": {"uv": [1.5, 0, 5.5, 1], "rotation": 90, "texture": "#0"},
				"up": {"uv": [12.25, 5, 12.75, 6], "texture": "#0"},
				"down": {"uv": [15, 0, 16, 1], "texture": "#0"}
			}
		},
		{
			"from": [5.5, 0, 7.75],
			"to": [6, 4, 8.25],
			"rotation": {"angle": 0, "axis": "y", "origin": [0, 0, -0.5]},
			"faces": {
				"east": {"uv": [1.5, 0, 5.5, 1], "rotation": 90, "texture": "#0"},
				"west": {"uv": [12, 5.25, 16, 5.75], "rotation": 90, "texture": "#0"},
				"up": {"uv": [12.25, 5, 12.75, 6], "texture": "#0"},
				"down": {"uv": [15, 0, 16, 1], "texture": "#0"}
			}
		},
		{
			"from": [6, 0, 7.75],
			"to": [10, 3.75, 8.25],
			"rotation": {"angle": 0, "axis": "y", "origin": [0, 0, -0.5]},
			"faces": {
				"up": {"uv": [0, 0.25, 0.5, 4.75], "rotation": 90, "texture": "#0"},
				"down": {"uv": [15, 0, 16, 1], "texture": "#0"}
			}
		},
		{
			"from": [5.5, 0, 8.25],
			"to": [10.5, 4, 10.75],
			"rotation": {"angle": 0, "axis": "y", "origin": [0, 0, -0.5]},
			"faces": {
				"north": {"uv": [1.5, 0, 5.5, 5], "rotation": 90, "texture": "#0"},
				"east": {"uv": [12, 5.75, 16, 8.25], "rotation": 90, "texture": "#0"},
				"south": {"uv": [1.5, 0, 5.5, 5], "rotation": 90, "texture": "#0"},
				"west": {"uv": [12, 2.75, 16, 5.25], "rotation": 90, "texture": "#0"},
				"up": {"uv": [8, 5.75, 13, 8.25], "texture": "#0"},
				"down": {"uv": [15, 0, 16, 1], "texture": "#0"}
			}
		},
		{
			"from": [10, 0, 10.75],
			"to": [10.5, 4, 11.25],
			"rotation": {"angle": 0, "axis": "y", "origin": [0, 0, -0.5]},
			"faces": {
				"east": {"uv": [12, 8.25, 16, 8.75], "rotation": 90, "texture": "#0"},
				"west": {"uv": [1.5, 0, 5.5, 1], "rotation": 90, "texture": "#0"},
				"up": {"uv": [12.25, 5, 12.75, 6], "texture": "#0"},
				"down": {"uv": [15, 0, 16, 1], "texture": "#0"}
			}
		},
		{
			"from": [6, 0, 10.75],
			"to": [10, 3.75, 11.25],
			"rotation": {"angle": 0, "axis": "y", "origin": [0, 0, -0.5]},
			"faces": {
				"up": {"uv": [0, 0.25, 0.5, 4.75], "rotation": 90, "texture": "#0"},
				"down": {"uv": [15, 0, 16, 1], "texture": "#0"}
			}
		},
		{
			"from": [5.5, 0, 10.75],
			"to": [6, 4, 11.25],
			"rotation": {"angle": 0, "axis": "y", "origin": [0, 0, -0.5]},
			"faces": {
				"east": {"uv": [1.5, 0, 5.5, 1], "rotation": 90, "texture": "#0"},
				"west": {"uv": [12, 2.25, 16, 2.75], "rotation": 90, "texture": "#0"},
				"up": {"uv": [12.25, 5, 12.75, 6], "texture": "#0"},
				"down": {"uv": [15, 0, 16, 1], "texture": "#0"}
			}
		},
		{
			"from": [5.5, 0, 11.25],
			"to": [10.5, 4, 13.5],
			"rotation": {"angle": 0, "axis": "y", "origin": [0, 0, -0.5]},
			"faces": {
				"north": {"uv": [1.5, 0, 5.5, 5], "rotation": 90, "texture": "#0"},
				"east": {"uv": [12, 8.75, 16, 11], "rotation": 90, "texture": "#0"},
				"south": {"uv": [2.5, 0, 6.5, 5], "rotation": 90, "texture": "#0"},
				"west": {"uv": [12, 0, 16, 2.25], "rotation": 90, "texture": "#0"},
				"up": {"uv": [8, 8.75, 13, 11], "texture": "#0"},
				"down": {"uv": [15, 0, 16, 1], "texture": "#0"}
			}
		},
		{
			"from": [5.5, 0.5, 13.5],
			"to": [10.5, 3.5, 14],
			"rotation": {"angle": 0, "axis": "y", "origin": [0, 0, -0.5]},
			"faces": {
				"east": {"uv": [12, 0, 15, 0.5], "rotation": 90, "texture": "#0"},
				"south": {"uv": [3, 0, 6, 5], "rotation": 90, "texture": "#0"},
				"west": {"uv": [12, 0, 15, 0.5], "rotation": 90, "texture": "#0"},
				"up": {"uv": [3, 0, 3.5, 5], "rotation": 90, "texture": "#0"},
				"down": {"uv": [5.5, 0, 6, 5], "rotation": 90, "texture": "#0"}
			}
		},
		{
			"from": [5, 0.5, 2.5],
			"to": [5.5, 3.5, 13.5],
			"rotation": {"angle": 0, "axis": "y", "origin": [0, 1, -0.5]},
			"faces": {
				"north": {"uv": [13, 1, 16, 1.5], "rotation": 90, "texture": "#0"},
				"south": {"uv": [13, 1, 16, 1.5], "rotation": 90, "texture": "#0"},
				"west": {"uv": [12, 0, 15, 11], "rotation": 90, "texture": "#0"},
				"up": {"uv": [12.5, 0, 13, 11], "texture": "#0"},
				"down": {"uv": [14.5, 0, 15, 11], "texture": "#0"}
			}
		},
		{
			"from": [5.5, 0.5, 2],
			"to": [10.5, 3.5, 2.5],
			"rotation": {"angle": 0, "axis": "y", "origin": [0, 0, -0.5]},
			"faces": {
				"north": {"uv": [3, 0, 6, 5], "rotation": 90, "texture": "#0"},
				"east": {"uv": [12, 0, 15, 0.5], "rotation": 90, "texture": "#0"},
				"west": {"uv": [12, 0, 15, 0.5], "rotation": 90, "texture": "#0"},
				"up": {"uv": [3, 0, 3.5, 5], "rotation": 90, "texture": "#0"},
				"down": {"uv": [5.5, 0, 6, 5], "rotation": 90, "texture": "#0"}
			}
		},
		{
			"from": [10.5, 0.5, 2.5],
			"to": [11, 3.5, 13.5],
			"rotation": {"angle": 0, "axis": "y", "origin": [0, 1, -0.5]},
			"faces": {
				"north": {"uv": [13, 1, 16, 1.5], "rotation": 90, "texture": "#0"},
				"east": {"uv": [12, 0, 15, 11], "rotation": 90, "texture": "#0"},
				"south": {"uv": [13, 1, 16, 1.5], "rotation": 90, "texture": "#0"},
				"up": {"uv": [11.5, 0, 11, 11], "texture": "#0"},
				"down": {"uv": [14.5, 0, 15, 11], "texture": "#0"}
			}
		}
	],
	"display": {
		"thirdperson_righthand": {
			"rotation": [90, 0, 80],
			"translation": [-4.75, -1.5, -1.5],
			"scale": [0.8, 0.8, 0.8]
		},
		"thirdperson_lefthand": {
			"rotation": [90, 0, 80],
			"translation": [-4.75, -1.5, -1.5],
			"scale": [0.8, 0.8, 0.8]
		},
		"firstperson_righthand": {
			"rotation": [65, -5, 85],
			"translation": [1.13, 0, 1.13],
			"scale": [0.9, 0.9, 0.9]
		},
		"firstperson_lefthand": {
			"rotation": [65, -5, 85],
			"translation": [1.13, 0, 1.13],
			"scale": [0.9, 0.9, 0.9]
		},
		"ground": {
			"translation": [0, 6, 0],
			"scale": [0.68, 0.68, 0.68]
		},
		"gui": {
			"rotation": [35, -45, 0],
			"translation": [0, 5.5, 0],
			"scale": [1.1, 1.1, 1.1]
		},
		"fixed": {
			"rotation": [-90, 0, 0],
			"translation": [0, 0, -13.5],
			"scale": [1.7, 1.7, 1.7]
		}
	},
	"groups": [
		{
			"name": "bread",
			"origin": [0, -0.5, -0.5],
			"color": 0,
			"children": [0, 1, 2, 3, 4, 5, 6, 7, 8, 9, 10, 11, 12, 13, 14, 15, 16]
		}
	]
}