{
	"credit": "Made by SolsticeDoodles",
	"textures": {
		"0": "item/pumpkin_pie",
		"particle": "item/pumpkin_pie_og"
	},
	"elements": [
		{
			"from": [4, 0, 4],
			"to": [12, 1.5, 12],
			"faces": {
				"north": {"uv": [0, 0, 0, 0], "texture": "#0"},
				"east": {"uv": [0, 0, 1, 1], "texture": "#missing"},
				"south": {"uv": [0, 0, 6, 1], "texture": "#missing"},
				"west": {"uv": [0, 0, 1, 1], "texture": "#missing"},
				"up": {"uv": [0, 0, 8, 8], "texture": "#0"},
				"down": {"uv": [8, 0, 16, 8], "texture": "#0"}
			}
		},
		{
			"from": [4, 1, 4],
			"to": [5, 2, 5],
			"faces": {
				"east": {"uv": [0, 15, 1, 16], "texture": "#0"},
				"south": {"uv": [0, 15, 1, 16], "texture": "#0"},
				"up": {"uv": [1, 13, 2, 14], "texture": "#0"}
			}
		},
		{
			"from": [4, 0, 3],
			"to": [12, 2, 4],
			"faces": {
				"north": {"uv": [0, 13, 8, 15], "texture": "#0"},
				"east": {"uv": [0, 13, 1, 15], "texture": "#0"},
				"south": {"uv": [0, 15, 8, 16], "texture": "#0"},
				"west": {"uv": [0, 13, 1, 15], "texture": "#0"},
				"up": {"uv": [0, 13, 8, 14], "texture": "#0"},
				"down": {"uv": [8, 0, 9, 1], "texture": "#0"}
			}
		},
		{
			"from": [11, 1, 4],
			"to": [12, 2, 5],
			"faces": {
				"south": {"uv": [0, 15, 1, 16], "texture": "#0"},
				"west": {"uv": [0, 15, 1, 16], "texture": "#0"},
				"up": {"uv": [1, 13, 2, 14], "texture": "#0"}
			}
		},
		{
			"from": [12, 0, 4],
			"to": [13, 2, 12],
			"faces": {
				"north": {"uv": [0, 13, 1, 15], "texture": "#0"},
				"east": {"uv": [0, 13, 8, 15], "texture": "#0"},
				"south": {"uv": [0, 13, 1, 15], "texture": "#0"},
				"west": {"uv": [0, 15, 8, 16], "texture": "#0"},
				"up": {"uv": [0, 13, 8, 14], "rotation": 90, "texture": "#0"},
				"down": {"uv": [8, 0, 9, 1], "texture": "#0"}
			}
		},
		{
			"from": [11, 1, 11],
			"to": [12, 2, 12],
			"faces": {
				"north": {"uv": [0, 15, 1, 16], "texture": "#0"},
				"west": {"uv": [0, 15, 1, 16], "texture": "#0"},
				"up": {"uv": [1, 13, 2, 14], "texture": "#0"}
			}
		},
		{
			"from": [4, 0, 12],
			"to": [12, 2, 13],
			"faces": {
				"north": {"uv": [0, 15, 8, 16], "texture": "#0"},
				"east": {"uv": [0, 13, 1, 15], "texture": "#0"},
				"south": {"uv": [0, 13, 8, 15], "texture": "#0"},
				"west": {"uv": [0, 13, 1, 15], "texture": "#0"},
				"up": {"uv": [0, 13, 8, 14], "texture": "#0"},
				"down": {"uv": [8, 0, 9, 1], "texture": "#0"}
			}
		},
		{
			"from": [4, 1, 11],
			"to": [5, 2, 12],
			"faces": {
				"north": {"uv": [0, 15, 1, 16], "texture": "#0"},
				"east": {"uv": [0, 15, 1, 16], "texture": "#0"},
				"up": {"uv": [1, 13, 2, 14], "texture": "#0"}
			}
		},
		{
			"from": [3, 0, 4],
			"to": [4, 2, 12],
			"faces": {
				"north": {"uv": [0, 13, 1, 15], "texture": "#0"},
				"east": {"uv": [0, 15, 8, 16], "texture": "#0"},
				"south": {"uv": [0, 13, 1, 15], "texture": "#0"},
				"west": {"uv": [0, 13, 8, 15], "texture": "#0"},
				"up": {"uv": [0, 13, 8, 14], "rotation": 90, "texture": "#0"},
				"down": {"uv": [8, 0, 9, 1], "texture": "#0"}
			}
		}
	],
	"display": {
		"thirdperson_righthand": {
			"rotation": [80, 0, 0],
			"translation": [-6, 4.5, 7]
		},
		"thirdperson_lefthand": {
			"rotation": [80, 0, 0],
			"translation": [-6, 4.5, 7]
		},
		"firstperson_righthand": {
			"rotation": [0, 60, 4.5],
			"translation": [-3.5, 6, 0],
			"scale": [0.9, 0.9, 0.9]
		},
		"firstperson_lefthand": {
			"rotation": [0, 60, 4.5],
			"translation": [-3.5, 6, 0],
			"scale": [0.9, 0.9, 0.9]
		},
		"ground": {
			"translation": [0, 5.5, 0],
			"scale": [0.85, 0.85, 0.85]
		},
		"gui": {
			"rotation": [35, 45, 0],
			"translation": [0, 6.5, 0],
			"scale": [1.1, 1.1, 1.1]
		},
		"fixed": {
			"rotation": [-90, 0, 0],
			"translation": [0, 0, -22],
			"scale": [2.99, 2.99, 2.99]
		}
	},
	"groups": [
		{
			"name": "pie",
			"origin": [0, 0, 0],
			"color": 0,
			"children": [0]
		},
		{
			"name": "crust",
			"origin": [0, 0, 0],
			"color": 0,
			"children": [1, 2, 3, 4, 5, 6, 7, 8]
		}
	]
}