{
	"credit": "Made with Blockbench",
	"parent": "block/block",
	"ambientocclusion": false,
	"texture_size": [32, 32],
	"textures": {
		"3": "block/flower",
		"bottom": "block/cactus_bottom",
		"top": "block/cactus_top",
		"particle": "block/cactus_side",
		"side": "block/cactus_side"
	},
	"elements": [
		{
			"from": [0, 0, 0],
			"to": [16, 16, 16],
			"faces": {
				"up": {"uv": [0, 0, 16, 16], "texture": "#top", "cullface": "up"},
				"down": {"uv": [0, 0, 16, 16], "texture": "#bottom", "cullface": "down"}
			}
		},
		{
			"from": [0, 0, 1],
			"to": [16, 16, 15],
			"faces": {
				"north": {"uv": [0, 0, 16, 16], "texture": "#side"},
				"south": {"uv": [0, 0, 16, 16], "texture": "#side"}
			}
		},
		{
			"from": [1, 0, 0],
			"to": [15, 16, 16],
			"faces": {
				"east": {"uv": [0, 0, 16, 16], "texture": "#side"},
				"west": {"uv": [0, 0, 16, 16], "texture": "#side"}
			}
		},
		{
			"from": [5.375, 15.55, -0.45],
			"to": [16.375, 21.55, -0.45],
			"rotation": {"angle": -45, "axis": "y", "origin": [0, 0, 0]},
			"faces": {
				"north": {"uv": [0.5, 0.5, 5, 3], "texture": "#3"},
				"east": {"uv": [2, 7, 2, 10], "texture": "#3"},
				"south": {"uv": [0.5, 0.5, 5, 3], "texture": "#3"},
				"west": {"uv": [2.5, 7, 2.5, 10], "texture": "#3"},
				"up": {"uv": [8.5, 7, 3, 7], "texture": "#3"},
				"down": {"uv": [8.5, 7.5, 3, 7.5], "texture": "#3"}
			}
		},
		{
			"from": [11.125, 15.55, -5.95],
			"to": [11.125, 21.55, 5.05],
			"rotation": {"angle": -45, "axis": "y", "origin": [0, 0, 0]},
			"faces": {
				"north": {"uv": [0, 7, 0, 10], "texture": "#3"},
				"east": {"uv": [0.5, 0.5, 5, 3], "texture": "#3"},
				"south": {"uv": [0.5, 7, 0.5, 10], "texture": "#3"},
				"west": {"uv": [0.5, 0.5, 5, 3], "texture": "#3"},
				"up": {"uv": [1, 12.5, 1, 7], "texture": "#3"},
				"down": {"uv": [1.5, 7, 1.5, 12.5], "texture": "#3"}
			}
		}
	]
}